teamName,university,memberOneName,memberOneUniversityId,memberTwoName,memberTwoUniversityId,memberThreeName,memberThreeUniversityId,memberFourName,memberFourUniversityId
mr.robot,University of Ruhuna,Sayuru,1127,Sahan,1127,Kalhara,1127,Buddi,1127
system,System,system,1127,system,11/27,System,1127,System,1127
403_Privileged,University of Moratuwa,Rusiru Sadathana,220392X,Jaindu Charindith,230102V,DANANJAYA KUMARA,244229G,SASITH INDUWARA,230261F
Echo,University of Ruhuna,Asitha Kodithuwakku,EG/2021/4614,Pasindu Hathurusinghe,EG/2021/4545,Udara Suboditha,EG/2021/4805,Tharuka Threemavithana,EG/2021/4835
Rexosphere,University of Moratuwa,Ifaz Ikram,230253H,Sangeeth Kariyapperuma,230317J,Kalana Liyanage,230461T,Suhas Dissanayake,230152X
Bonty_Hunt3R,University of Ruhuna,Kavishka Chathuranga,SC/2023/13550,Ishini Shanika,SC/2023/13555,Pasan Madushanka,SC/2023/13559,Chamindu Lakshan,SC/2023/13490
sudOps,University of Ruhuna,Kavindu Sanjitha,EG/2022/5322,Jayashan Nawarathna,EG/2022/5208,Piyumal Sandeepa,EG/2022/5319,Mahesh Umayanga,EG/2022/5283
The_Anonymous,University of Ruhuna,Sachintha Pallegedara,EG/2022/5229,Sanjula Thilakarathne,EG/2022/5371,Pramith Evans,EG/2022/5032,Malith Wijayathilake,EG/2022/5419
0xOverflow,University of Ruhuna,Muflih Ahmes Junaid,EG/2023/5672,Dusheepan Pirabaharan,EG/2023/55582,Sanjeew Shewon Sivakanthan,EG/2023/5893,Logachandran Hirukshanan,EG/2023/5640
Hack_to_the_Future,(SLIIT) Sri Lanka Institute of Information Technology,Hasitha Kodagoda,IT23629530,Pomod Dissanayake,IT23626638,Rishush Adithya,IT23721364,Hasitha Yapa,IT23536470
GolD_Roger,University of Kelaniya,Harsha Madhubashana,200408713315,KALANA GAVESH RANAWEERA,200415301253,DIYADAWA GAMAGE DINETH THILANKA,200504103000,Himeth Iddamalgoda,200505502492
Silent_Protocol,University of Ruhuna,Rusiru Vinvidu,EG/2023/5635,Yasiru Nawodya,EG/2023/5998,Chamikara Herath,EG/2023/5632,Manura Yapa,EG/2023/5632
Crimson_Matrix,University of Ruhuna,Dinura Dilshan,EG/2023/5924,Yasiru Dilshan,EG/2023/5570,Lawanga Balasinghe,EG/2023/5500,Kaushalya Fernando,EG/2023/5591
Templars,University of Kelaniya,Shaminda Hettiarachchi,200425702859,Wenura Mudalige,200411504026,Achintha Gamage,200433603285,Sandima Umayanjalee,200560203416
AgentX,University of Ruhuna,charuka niluminda,EG/2022/5216,Buddika Niroshan,EG/2022/5158,Oshini Bandara,EG/2022/4951,Irasha Madubashini,EG/2022/5330
Team_Nova,University of Ruhuna,Y H Shanilka Thulshani Yapa,EG/2022/5435,Bipuli Yovinma W K,EG/2022/5382,Helani Umesha Ambalangodage,EG/2022/4933,Mesith Rathnayake,EG/2022/5440
Dark_Army,"Trincomalee Campus, Eastern University, Sri Lanka",Pasindu Sandeepa,EUSL/TC/IS/2022/COM/18,Thishan Dhananjaya,EUSL/TC/IS/2021/COM/70,Prakash Wijesingha,EUSL/TC/IS/2021/COM/60,Rakesh Wijesingha,EUSL/TC/IS/2021/COM/45
TheByteForce,University of Moratuwa,Nuwan Dhananjaya,220148G,Savindu Dilshan ,220701X,Sahas Eashan,220148G,Himeth Walgampaya,220675T
dark_army,University of Ruhuna,Yashodha Gunawardhana,EG/2021/4535,Wasana Seneviratne,EG/2021/4804,Vidumini Athapaththu,EG/2021/4418,Nethmi Nishshanka,EG/2021/4408
Team_PhaZto,Other,Sithum Shihara,C24060033,Chanupa Chansidu,C25030004,Yasara Daneji,C24110003,Rasan Fernando,C24060020
r.gunderson,University of Ruhuna,Vihanga Sankalpa,4999,temp,1234,test,1234,Vacant,Vacant
Grey_Cats,"Eastern University, Sri Lanka",K C M Wijerathna,EULS/TC/IS/2022/COM/69,P R M C Perera,EULS/TC/IS/2022/COM/17,A G L D Karunarathne,EULS/TC/IS/2022/COM/24,A S N Perera,EULS/TC/IS/2022/COM/76
Cyber_Sparrows,University of Ruhuna,Jathushihan K,EG/2024/6204,Aashik MSM,EG/2024/6006,Ahamed AJA,EG/2024/6017,Ahamed YS,EG/2024/6024
Entropy_Zero,University of Ruhuna,Dasun Sajan,EG/2023/5864,Hirushi Sandeepanee,EG/2023/5865,Tharindu Dilshan,EG/2023/5597,Nisitha Sandanayake,EG/2023/5863
404_D34D_DR0P,Other,Sanidi Peiris,C25050012,Chamod Nisal,C25040012,Sanjitha Prabashwara,C25100004,Vacant,Vacant
NXTRC,University of Moratuwa,Inusha Thathsara Gunasekara,244068K,Madhura Ravishan Abeywickrama,244004M,Janitha Jayasinghe,244085J,Pabodha Samudini,244187A
OutOfBounds,University of Vavuniya,Kirubakaran Harald Branavan,2023/ICTS/152,Arumugan Suvethan,2023/ICTS/154,Selvaratnam Shakeeban,2023/ICTS//139,Thangarajah Sathusan,2023/ICTS/137
CyBER_KNiGHtS,University of Ruhuna,Uvin Nanayakkara ,EG/2023/5745,Wishvajith Weerasingha,EG/2023/5952,Vinuka Oshadha,EG/2023/5764,Subodha Tharuka,EG/2023/5921
rootAccess,University of Moratuwa,Senuth Dintharu,244224L,Sisuru Navod,244150F,Kayesh Priyanka,244238H,Trishan Fernando,244063P
cypher_ghost,University of Kelaniya,Suresh Bhanuka,0_0_0_1,Damindu Prasadith,0_0_1_0,Prasindu Deshan,0_0_1_1,Chamika Nimnajith,0_1_0_0
CypherStrike,University of Ruhuna,Malindu Nimsara,EG/2023/5949,Janaka Bandara,EG/2023/5945,Sachith Akash,EG/2023/57,Pamudi Jayanandana,EG/2023/5655
CyberCenturions,University of Ruhuna,Malindu Nimsara,EG/2023/5949,Janaka Bandara,EG/2023/5945,Sachith Akash,EG/2023/5756,Pamudi Jayanandana,EG/2023/5655
Neophyte_404,University of Kelaniya,Poojitha Pasindu,CS/2023/009,Nadun Galhena,CS/2023/010,Chamodya Umayanga,CS/2023/011,Thushara Rathnayake,CS/2023/030
Cloud9,University of Kelaniya,Kavishka Gayan,01,Savithi Vinhara,02,Sithum udara,03,Movini Manavi,4
ROOT.sh,SLTC Research University,Shakkya Sanketh Dharmarathna,CIT-24-01-0573,Malitha Gayashan,CIT-24-01-0562,Nipun Pramod Madushan,CIT-25-01-0552,Rachintha Lakshan,CIT-25-01-0276
Cipher_Rogue,ESOFT Metro Campus,Disen Ranvidu,E233819,Nipun Tharaka,E230157,Henuka Munasinghe,E234182,Vacant,Vacant
test_team_42,University of Ruhuna,Alice,2020/CS/001,Bob,2020/CS/002,Charlie,2020/CS/003,Vacant,Vacant
TH3_4_H0AR53M3N,University of Ruhuna,Abdullah A R,EG/2022/4907,Aslam M H M,EG/2022/4942,Ammaar I,EG/2022/4934,Shimrin S M,EG/2022/5346
H1dr4.sp4wn,University of Ruhuna,Asiri Dheeranath,EG/2024/6424,Sathnindu Dissanayake,EG/2024/6131,Ashan Duleenaka,EG/2024/6216,Vacant,Vacant
AGNI_404,South Eastern University of Sri Lanka,Renue Branoz,SEU.IS.20.ICT.074,Madhusankha Nayanajith,SEU.IS.23.ICT.076,Adithya Srithika Sandiw,SEU.IS.22.ICT.048,Darshika Madhuhansani ,SEU.IS.20.ICT.043
Trojans_404,University of Ruhuna,Hansana HAJ,EG/2023/5624,Ratnayake RMPM,EG/2023/5841,Ilmam IM,EG/2023/5646,Wanasinghe WMCOB,EG/2023/5941
Byte_Squad,University of Ruhuna,Danith,EG/2023/5916,Achintha,EG/2023/5971,Gyrika,EG/2023/5540,Prabath,EG/2023/5828
N4X,SLTC Research University,Tharusha Pieris,CIT-24-01-0486,Nishen Madava,CIT-24-01-0256,Kalindu Himasara,CIT-24-01-0597,Sanura Dilmith,CIT-24-01-0289
Silent_Shells,University of Ruhuna,Thanoj Dissanayaka,EG/2025/6672,Sayuru Adithya Gunawardana,EG/2025/6710,Udana Abeyrathne,EG/2025/6565,Methul Jayasinghe,0711735584
Vijaya,University of Ruhuna,Manuthi Kasuntha,EG/2023/5679,Senanayake W S C M ,EG/2023/5876,Silva TCK ,EG/2023/5897,Rodrigo W A C C W,EG/2023/5845
G.I.Joes,University of Vavuniya,Dilikshan,2022/ICTS/124,Sangothayan,2022/ICTS/141,Sajithan Miranda,2022/ICTS/133,Janoos,2022/ICTS/120
nova_nexus,University of Ruhuna,Praveen Ethipola,EG/2023/5589,Supasan Geeganage,EG/2023/5607,Chethiya Kaushal,EG/2023/5482,Nimmitha Idirimana,EG/2023/5643
403_privileged,University of Moratuwa,RUSIRU SADATHANA,220392X,JAINDU CHARINDITH,230102V,SASITH INDUWARA,230261F,DANANJAYA KUMARA,244229G
rt_sec_probe,University of Ruhuna,Alice Probe,EG/2020/0001,Bob Probe,EG/2020/0002,Carol Probe,EG/2020/0003,Vacant,Vacant
enCrypt,(SLIIT) Sri Lanka Institute of Information Technology,Sandeepa,IT24100500,Tharaka,IT24100389,Ramani,IT24100510,Vacant,Vacant
git_push_force,University of Colombo,Harsath Mohomed,2023cs112,Manimehalan Thiyagarajan,2023cs106,Kavindu Perera,2023cs143,Menuja Alwis,2023cs058
bytex_zero,University of Ruhuna,Kavindu Premathilake,6385,Kalindu Jayathilaka,6227,Kasuntha Chackranga,6495,Nudeera Randuni,6414
Team_Y2K,University of Moratuwa,Teshan ,230482H,Thilakshan,230647U,Saheththiyan,230556N,Vacant,Vacant
Triple_I,University of Kelaniya,S Sasivarnasarma,IM/2023/132,P Rajithan, IM/2022/136,S Bajithan, IM/2023/047,K Habikugasarma,IM/2023/089
SR71_Blackbird,(SLIIT) Sri Lanka Institute of Information Technology,Vidura Ranathunga,IT24103106,Supundi Wijesingha,IT24100746,Nethmi Kariyawasam,IT24100035,Chathumi madushika ,IT24101099
LO49,(SLIIT) Sri Lanka Institute of Information Technology,Achin Chandrasiri,IT24201217,Risadi Weerasinghe,IT24103687,Pasidu Rajapaksha,IT24102800,Vacant,Vacant
Flag_Not_Found,University of Ruhuna,Sachintha Shehara,EG/2023/5975,Upeksha Wijerathne,EG/2023/5973,Nisuli Weerasinghe,EG/2023/5957,Malshi Weerasinghe,EG/2023/5958
CipherStorm,University of Peradeniya,Vidusini Abesekara,E/23/001,Nirod Nikeshala,E/23/214,Hasala Kavinda,E/23/043,Vacant,Vacant
We_Have_No_Flag,University of Ruhuna,Milan Maduwantha,EG/2023/5725,Kaveesha Nipuni,EG/2023/5760,Pawani malshani,EG/2023/5730,Harsha prabath,EG/2023/5928
Cyber_Squirrels,University of Ruhuna,Isuri Gunaratne,EG/2023/5616,Sameera Madhushan,EG/2023/5972,Arunodi Jayasinghe,EG/2023/5660,Sasiru Yasith,EG/2023/5824
Infinites,University of Moratuwa,Achintha Bandara,230082G,Anupama Wickramaratne,230704T,Thejake Dissanayake,230164K,Vacant,Vacant
Cipher_Storm,University of Ruhuna,Chathura Madushan,EG/2023/5716,Yashodha,EG/2023/5748,Oshan,EG/2023/5559,Sahan,EG/2023/5714
Hat_Crew,Other,Mohamed Rishan,03241004,Mohamed Aathif ,03241151,Farvis Ahamed ,03241185,Mohamed Aslaak,03241166
Prevail_Stars,Other,NM Roshaan Akther,03241115,MNM Zaatheer,03241064,MA Ammaar,03241110,Vacant,Vacant
deadlock,University of Ruhuna,Wijayapala HMHL,Eg/2023/5968,Nimalaweera NGCM,EG/2023/5755,JP Gamlath,EG/2023/5604,Bandara KMSN,EG/2023/5515
ABBADD0N1337,ESOFT Metro Campus,adeesha sathsindu hewawitarana,00225218,Piyusha Akash indeewara,Didn't go to uni,R M Priyashan Erandaka,Didn't go to uni,Kavindu Chamathka ,waiting for uni
GInsight,University of Moratuwa,Pasidu Mihiranga,234083R,Kusal Pabasara,230452R,Lakmana Thabrew,230631P,Manitha Ayanaja,230065H
CodeXtreme,University of Jaffna,Ahsan Ahamed Rifas,2023E128,Abooayoobu Mohammed Mumeeth,2023E003,Mohammathu Kasin Mohammathu Musni,2024E088,Vacant,Vacant
Southern_Raiders,University of Ruhuna,Sahan Jayasinghe ,SC/2023/13481,Yomal Alwis,SC/2023/13482,Chathuranga Jayathu,SC/2023/13487,Vacant,Vacant
Root_Bees,SLTC Research University,N P Sudusinghe,cit-24-01-0355,Matheesha Sathmin,cit-24-01-0408,Hasitha Lakshan,cit-24-02-0233,S S R Anuradha,CIT-24-01-0213
raven,University of Ruhuna,Benuka Mudalige,EG/2023/5738,Dilmi Prasadhi ,EG/2023/5792,Nipuni liyange,EG/2023/5706,Sandaru Dilshan ,EG/2023/5574
Catch_Me_If_You_Can,ESOFT Metro Campus,K L Sanudaya Mihisara Perera,001,H M Melani Iroshi,002,H G G Tharindu Preethika Dayarathna,003,W D K K B Weerasinghe,004
3_1d10t5,University of Ruhuna,Theekshana Alahakoon,EG/2022/4925,Theenuka Bandara,EG/2022/4956,Shukri Ahamed,EG/2022/4918,Vacant,Vacant
Inferno_Codex,University of Ruhuna,Mudeera Andrahannadi,EG/2023/5637,Manusha Bandara,EG/2023/5506,Lakma Vithana,EG/2023/5938,Kumuthu Banthila,EG/2023/5527
Atronox,(SLIIT) Sri Lanka Institute of Information Technology,Kavindu Sahan Silva,IT24102083,Heshan Thenura Kariyawasam,IT24100028,Janith Deshan Mihijaya Samaratunga,IT24102137,Vacant,Vacant
Cyber_Knight,University of Ruhuna,Rishitha Dilshan,EG/2023/5626,Tharun Hansitha,EG/2023/5626,Teshan Chamuditha,EG/2023/5537,Vacant,Vacant
Bit_hunters,SLTC Research University,Venuja Dodanawala,CIt-24-01-0561,Buddhika Jayakantha,Cit-24-01-0088,Dulara Dilshan,cit-24-01-0288,Miyuru Sachintha, CiT-24-01-0046
Malware_Mafia,University of Ruhuna,Rishitha Dilshan,EG/2023/5569,Tharun Hansitha,EG/2023/5626,Teshan Chamuditha,EG/2023/5537,Vacant,Vacant
Cipher_Nexus,University of Ruhuna,Senuk Yuthmika,EG/2023/5993,Dinithi Dilhara Withanapathirana,EG/2023/5984,Suwanika,EG/2023/5911,Kamith Samaraweera,EG/2023/5857
BinaryBlades,Other,Jahir,03241059,Sahabdeen Atheek Ahamed ,03241150,Afkar,03241125,Farhan,03241158
Alchemists,University of Ruhuna,Heshan Warnasiri,EG/2023/5943,Ravindu Deepaka,EG/2023/5552,Sadini Nimnadi,EG/2023/5757,Subashini Ranshika,EG/2023/5823
Root_Reapers,University of Ruhuna,Ranepurage Piyumra Pabavee Jayarathne,EG/2023/5656,Hettige Ashmi Imanda,EG/2023/5648,Mudiyansege Sithmi Sankalya Rathnayake,EG/2023/5832,Vacant,Vacant
Bit_Benders,University of Ruhuna,Chathuranga Madushan Perera,SC/2023/13497,Samuditha Asansa,SC/2023/13492,Pasindu Nanayakkara,SC/2023/13513,Vacant,Vacant
RootAccess,Other,Ahmadh Rizan,123434,akalla Kankanamalage Dimuthu Yapa,4321276,Yoosuf,1236273,Vacant,Vacant
Buffer_Brigade,SLTC Research University,Nadil Pahanmith Kularathne   ,Cit-24-01-0475,Dilan Wickramasinghe,cit-24-01-0247, Indunil Panapola,Cit-24-01-0202,Suneth Theekshana,Cit-25-01-0290
Dark_Knights,(SLIIT) Sri Lanka Institute of Information Technology,Adeesha Kaushal,IT21710506,Sudesh Kumara,IT20081898,Chanuda Perera,IT20081756,Vacant,Vacant
Hexa_Minus3,(SLIIT) Sri Lanka Institute of Information Technology,Rajanayake R M K G R D B,IT24102270,Jayathissa T D A S,IT24102401,Wijayarathna P R M,IT24103645,Vacant,Vacant
delta3,(SLIIT) Sri Lanka Institute of Information Technology,Ashen Dilantha,IT24101294,Shenal Peduruarachchi,IT24100597,Ajitha Kularathne,IT24100092,Vacant,Vacant
Cyber_Knights,University of Ruhuna,Dilum Kalubowila,EG/2023/5791,Janith paranamana,EG/2023/5715,Tharindu Hashan,EG/2023/5803,Tharusha Liyanage,EG/2023/5707
Cyber_Titans,University of Ruhuna,Anjana Lakmina,EG/2023/5779,kaveesha kinkini ,EG/2023/5681,shamitha viduranga ,EG/2023/5936,lahiru weerakkody ,EG/2023/5944
rootatECU,Other,Ikram Caffoor,74006335,Ruhara Pathirana ,10715939,Amesh Mendis,74004056,Zameel Zulfi ,10686951
Codestorm,University of Ruhuna,Afraj Ahamed ,EG/2024/6022,Ahamed ,EG/2024/6019,Ammar,EG/2024/6038,Asheem,EG/2024/6057
Root_Access,University of Ruhuna,Koshihan ,EG/2024/6261,Theshathree ,EG/2024/6509,Rathnayaka ,EG/2024/6431,Silva ,EG/2024/6482
Elite_Protocol,University of Ruhuna,Shanuka,EG/2024/6494,Sewmini,EG/2024/6478,Pasindu,EG/2024/6267,Chavishka,EG/2024/6536
Byte_Breach,University of Ruhuna,Okith Moksha,SC/2024/14241,Muhammadh Hameez,SC/2024/14211,Muqshith Akbar,SC/2024/14213,Keshan Rathnayake,SC/2024/14223
Dimension_C137,University of Ruhuna,Yasith Buddhima,SC/2024/14250,Samuditha Asansa,SC/2023/13492,Rusiru Sulochana,SC/2024/14203,Duleepa Madushan,SC/2024/14238
jetty_boys,University of Ruhuna,Lasindu Aluwihare,EG/2024/6029,Chiran Ranathunga,EG/2024/6410,Sajana Athukorala,EG/2024/6060,Kavindu Sandanayaka,EG/2024/6455
Team_Ace,University of Ruhuna,Sahan,EG/2024/6310,Kithsara,EG/2024/6276,Haaitha,EG/2024/6173,Thanuja,EG/2024/6430
Jettrix,University of Ruhuna,Ramiru Weerarathne,EG/2024/6526,Pasindu De Silva,EG/2024/6100,Shashika Saraph,EG/2024/6465,Thimuthu Bopage,EG/2024/6077
metrix_4.0,University of Ruhuna,Chamod Malshan,EG/2024/6444,Sachintha,EG/2024/6380,Thamindu sadeep,EG/2024/6397,Avishka heshan,EG/2024/6268
NightStalkers,University of Jaffna,Anjula Thathsara,2023/E/126,Minul Maneth ,2023/E/092,Yohan Shashika,2023/E/084,Vacant,Vacant
Knurdz_Neural,University of Moratuwa,RKK Vishva Kumar ,245520A,Kasun Kumara,245521D,Sadeepa M Herath,245514J,Bhasilu Egodawatta,245511X
SabraX,Sabaragamuwa University of Sri Lanka,KTDDM Jayathissa ,22CDS0591,KH Madushnaka,22CDS0420,DCA Perera,22CDS0413,DMAKA Dissanayaka,22CDS0435
QuantumX,(KDU) General Sir John Kotelawala Defence University,Kasun Dissanayake,D/BIT/24/0032,Pamindu Karunadasa,D/BCE/24/0012,Samadhi Gamagedara,D/DBA/24/0005,Sandun Wickramanayake,D/BIS/24/0008
Nyx,University of Kelaniya,Pipuni Perera,IM/2023/065,Thimanya Dilsandi,IM/2023/120,Tharushan Dasanayake,IM/2023/054,Vacant,Vacant
Segmentation_Fault,(KDU) General Sir John Kotelawala Defence University,Muditha Premachandra,D/BIT/24/0088,Sanjaya Perera,D/BIT/24/0089,Janudi Udugamasooriya,D/DBA/24/0038,Jalani Kadupitiya,D/DBA/24/0042
